company,email,language,subject,message id,time,status
"Selected Residences Co., Ltd.",info@selectedresidences.com,EN,Referral partnership: private offices in Chalong for your clients,1a11f80c904790ca,2026-10-09 14:11:35 (UTC+7),sent
"Bigmove Phuket Co., Ltd.",bigmovephuket@gmail.com,EN,Referral partnership: private offices in Chalong for your clients,1a11f80e14587540,2026-10-09 14:11:42 (UTC+7),sent
GKL Consultants,info@gklconsultants.com,EN,Company address + private office in Chalong for your new companies,1a11f80e47aad277,2026-10-09 14:11:43 (UTC+7),sent
NB Accounting,info@nbaccountingphuket.com,EN,Company address + private office in Chalong for your new companies,1a11f80ebc05bba1,2026-10-09 14:11:45 (UTC+7),sent
Phuket Auditor (Phuket Accounting Center),info@phuketaccountingcenter.com,EN,Company address + private office in Chalong for your new companies,1a11f80f53d0ac32,2026-10-09 14:11:47 (UTC+7),BOUNCED: 550 No such recipient here
Phuket Serenity Villas,info@phuketserenityvillas.com,EN,Referral partnership: private offices in Chalong for your clients,1a11f80fc542a972,2026-10-09 14:11:49 (UTC+7),sent
Phuket Direct,info@phuketdirect.com,EN,Referral partnership: private offices in Chalong for your clients,1a11f80ffe0f885a,2026-10-09 14:11:49 (UTC+7),sent
Siam Real Estate (Phuket South office),phuket@siamrealestate.com,EN,Referral partnership: private offices in Chalong for your clients,1a11f81025c7153c,2026-10-09 14:11:50 (UTC+7),sent
Abyss Phuket Co. Ltd.,properties@abyssphuket.com,EN,Referral partnership: private offices in Chalong for your clients,1a11f810cd14392a,2026-10-09 14:11:53 (UTC+7),sent
GostHome Phuket,info@gosthome-phuket.com,RU,Партнёрство: приватные офисы в Чалонге для ваших клиентов,1a11f812b231bf53,2026-10-09 14:12:01 (UTC+7),BOUNCED: 550 user not found
Estate Phuket (Synergy x group Ltd.),info@estatephuket.ru,RU,Партнёрство: приватные офисы в Чалонге для ваших клиентов,1a11f814f4a91344,2026-10-09 14:12:10 (UTC+7),sent
Salathai Property,contact@salathaiproperty.com,EN,Referral partnership: private offices in Chalong for your clients,1a11f814f5c4536a,2026-10-09 14:12:10 (UTC+7),sent
"Phuket Lead Lab (Berin Co., Ltd)",office@phuketleadlab.com,RU,Партнёрство: приватные офисы в Чалонге для ваших клиентов,1a11f816d7c45070,2026-10-09 14:12:18 (UTC+7),sent
Web Connection (Phuket office),contact@webconnection.asia,EN,Referral partnership: private offices in Chalong for your clients,1a11f8175b999a1b,2026-10-09 14:12:19 (UTC+7),sent
"ST Accounting and Law Office Co., Ltd.",,,,,,SKIPPED: no usable email published (personal-name Gmail only); contact via WhatsApp/phone
