source,order_id,order_date,brand,model,category,qty,price_thb,currency,item_title,notes
Lazada,1128058558320711,2026-09-20,Lemorele,P200,AV / wireless HDMI,1,959.0,THB,Lemorele P200 Wireless image and video transmission HDMI transmitter and receiver,COD; order total 1086 with USB hub + shipping; buyer elena / 0951170481
Lazada,1128058558320711,2026-09-20,Lemorele,USB hub 3.0 4-port,Accessories / USB hub,1,89.0,THB,Lemorele USB hub 3.0 aluminum 4-port,Same COD order as P200
Lazada,1116551612320711,2026-09-04,DieSe,433MHz RF wall panel switch,Smart home / lighting switch,1,223.0,THB,433MHz RF wireless wall panel switch 110V/220V 1/2/3gang small relay receiver,Lazada Wallet; order total 264 incl shipping
Lazada,1121153796620711,2026-08-14,Xiaomi,Smart Camera C302,Camera / security,1,999.0,THB,(New) Xiaomi Smart Camera C302｜2K UHD｜Human Tracking｜Baby Cry Detection,COD; sold by XIAOMI Online Mall; order total 999
Lazada,1121166510920711,2026-08-14,Xiaomi,Floor-standing steam iron 2500W,Appliance / iron,1,1099.0,THB,Xiaomi Floor-Standing Steam Iron Fabric Care 3in1 2500W handheld/vertical,COD; order total 1004.24 after discount; borderline equipment
Lazada,1112780484620711,2026-08-14,HomeDecor-Th,Three-color LED table lamp,Lighting / furniture,4,148.0,THB,Three-Color LED Table Lamp wireless touch sensor rechargeable,COD; unit 148 ×4; order total 665.60
Lazada,1110869814120711,2026-08-04,Thai Dee,AC deflector,AC accessory,2,113.0,THB,Thai Dee แผ่นบังลมแอร์ / air conditioning deflector,COD; unit 113 ×2; order total 258.18
Lazada,1109327666820711,2026-07-26,store plus,Portable footrest,Furniture accessory,1,65.0,THB,Footrest portable adjustable height for office/travel,COD; order total 84; borderline furniture
Lazada,1104918987620711,2026-05-22,Tuya,WiFi+RF 433MHz smart switch,Smart home / lighting switch,3,66.0,THB,Tuya WiFi+RF 433MHz smart switch Alexa/Google timer relay 7-48V DC,COD; variant A; order 1104918987620711 also has 2×102 variant
Lazada,1104918987620711,2026-05-22,Tuya,WiFi+RF 433MHz smart switch,Smart home / lighting switch,2,102.0,THB,Tuya WiFi+RF 433MHz smart switch (higher-price SKU),COD; same order; order total 386.94
Lazada,1102246969420711,2026-05-08,Allgen,Ergonomics Kneeling Chair,Chair / furniture,1,2279.0,THB,เก้าอี้สตูล Ergonomics Kneeling Chair มีล้อ ปรับความสูงได้,COD; order total 2129.94 after discount
Shopee,260921KJE4TB8U,2026-09-21,yuanhengz.th,PDU 8 AC EU,Power / PDU,1,998.0,THB,แร็คติดตั้งหน่วยจ่ายไฟ PDU แผงจ่ายไฟซ็อกเก็ต — 8 AC ปลั๊ก EU สาย 4 เมตร,COD; shipping 36; due 1034; buyer Shopee bhz5xx2taf
Shopee,260921KKJM46EH,2026-09-21,yuanhengz.th,PDU 8 AC EU,Power / PDU,1,998.0,THB,แร็คติดตั้งหน่วยจ่ายไฟ PDU แผงจ่ายไฟซ็อกเก็ต — 8 AC ปลั๊ก EU สาย 4 เมตร,COD; second identical PDU; due 1034
Shopee,26092880Q0GHWJ,2026-09-28,ibh67wugdo,Vacuum sealer,Kitchen equipment,1,594.0,THB,เครื่องซีลสูญญากาศ อเนกประสงค์ + ถุง*100 (สีเทา),COD; due 626 after shop discount; bags are consumable add-on
Lazada,985689768620711,2025-02-28,Xiaomi Umiio,Android TV Projector 1200 ANSI,Projector,3,5820.0,THB,Xiaomi Umiio Android TV Projector WiFi/BT 4K-supported 1200 ANSI,CANCELLED (auto breach) 2025-03-06 — do NOT treat as received inventory
