month,receipts_valid,receipts_0_thb,receipts_cancelled_excluded,refund_receipts_excluded,net_revenue_thb,gross_thb,discounts_thb,passes_net,passes_qty,cafe_food_net,cafe_food_qty,rentals_rooms_net,rentals_rooms_qty,events_net,photo_video_net,deposits_net,print_net,other_net,unique_customers,unique_paying_customers,receipts_without_customer,share_without_customer_pct
2025-10,1402,395,9,0,715009.0,819095.0,104086.0,166450.0,285,93843.0,1952,110286.0,142,0.0,17775.0,326000.0,655.0,0.0,165,151,220,15.7
2025-11,1755,486,27,0,480247.0,606571.0,126324.0,145680.0,308,128937.0,2645,144068.0,157,29210.0,21250.0,9562.0,990.0,550.0,184,169,306,17.4
2025-12,1765,447,9,0,451617.0,557697.0,106080.0,155970.0,450,112920.0,2258,81517.0,198,0.0,97158.0,2547.0,1505.0,0.0,202,180,335,19.0
2026-01,1889,426,13,2,630836.0,743215.0,112379.0,120400.0,510,128351.0,2706,330127.0,292,0.0,38400.0,11563.0,775.0,1220.0,263,238,319,16.9
2026-02,1833,403,13,0,519531.0,615855.0,96324.0,119815.0,509,115948.0,2323,270598.0,166,0.0,9450.0,0.0,2110.0,1610.0,240,215,378,20.6
2026-03,1881,429,9,0,571793.0,657470.0,85677.0,125081.0,556,125228.0,2433,278454.0,146,0.0,18020.0,23000.0,2010.0,0.0,232,213,285,15.2
2026-04,1633,407,10,0,568860.0,652910.0,84050.0,126731.0,472,99024.0,1996,332300.0,210,0.0,10600.0,0.0,205.0,0.0,210,188,197,12.1
2026-05,1347,389,6,0,438336.0,514725.0,76389.0,90723.0,329,76711.0,1637,250697.0,210,0.0,17440.0,1500.0,405.0,860.0,181,166,197,14.6
2026-06,1184,405,5,0,238976.0,334008.0,95032.0,93537.0,255,62824.0,1453,62958.0,129,13159.0,3000.0,1500.0,540.0,1458.0,141,126,194,16.4
2026-07,1080,439,1,0,235854.0,334032.0,98178.0,84879.0,230,55456.0,1434,87839.0,173,0.0,5500.0,1500.0,680.0,0.0,115,102,117,10.8
2026-08,1280,487,8,0,374832.0,488207.0,113375.0,101843.0,260,73216.0,1605,109713.0,95,0.0,12650.0,76500.0,910.0,0.0,145,126,168,13.1
2026-09,1633,623,23,0,380356.0,496242.0,115886.0,87630.0,307,97964.0,2245,140592.0,140,0.0,0.0,52400.0,1770.0,0.0,165,150,225,13.8
