month,pass_type,loyverse_item_name,qty,net_thb
2025-10,10 days,10 days Flex 3rd floor,2,4993.0
2025-10,5 hours,5 hours pass,146,21900.0
2025-10,day,1 day pass 1/3 fl,49,14700.0
2025-10,day,1 day pass 1st floor (OLD),2,300.0
2025-10,day,1 day pass 2nd floor,15,10500.0
2025-10,day,1 day pass 3rd floor (OLD),9,2700.0
2025-10,hour,1 hour pass,31,1550.0
2025-10,month,Monthly pass 2nd floor,7,55500.0
2025-10,month,Monthly pass 3rd floor (OLD),8,47511.0
2025-10,week,Weekly pass 2nd floor,2,5000.0
2025-10,week,Weekly pass 3rd floor (OLD),1,1796.0
2025-10,welcome (free),WELCOME PASS,13,0.0
2025-11,10 days,10 days Flex 2nd floor,4,18975.0
2025-11,5 hours,5 hours pass,149,22350.0
2025-11,day,1 day pass 1/3 fl,43,12900.0
2025-11,day,1 day pass 2nd floor,21,14700.0
2025-11,day,1 day pass 3rd floor (OLD),1,300.0
2025-11,hour,1 hour pass,59,2950.0
2025-11,month,Monthly pass 2nd floor,6,48511.0
2025-11,month,Monthly pass 3rd floor (OLD),3,18000.0
2025-11,week,Weekly pass 2nd floor,2,6994.0
2025-11,welcome (free),WELCOME PASS,20,0.0
2025-12,10 days,10 days Flex 2nd floor,2,11000.0
2025-12,10 days,10 days Flex 3rd floor,4,10000.0
2025-12,3 months,3 months 3rd floor,1,9900.0
2025-12,5 hours,5 hours pass,209,31350.0
2025-12,day,1 day pass 1/3 fl,36,10800.0
2025-12,day,1 day pass 2nd floor,35,22650.0
2025-12,day,1 day pass 3rd floor (OLD),3,900.0
2025-12,hour,1 hour pass,116,5800.0
2025-12,month,Monthly pass 1st floor,2,6000.0
2025-12,month,Monthly pass 2nd floor,3,20870.0
2025-12,month,Monthly pass 3rd floor (OLD),5,24000.0
2025-12,week,Weekly pass 1st floor,1,900.0
2025-12,week,Weekly pass 3rd floor (OLD),1,1800.0
2025-12,welcome (free),WELCOME PASS,32,0.0
2026-01,10 days,10 days Flex 1st floor,1,1300.0
2026-01,10 days,10 days Flex 3rd floor,2,5000.0
2026-01,5 hours,5 hours pass,317,47550.0
2026-01,day,1 day pass 1/3 fl,40,12000.0
2026-01,hour,1 hour pass,101,5050.0
2026-01,month,Monthly pass 1st floor,2,6000.0
2026-01,month,Monthly pass 3rd floor (OLD),5,30000.0
2026-01,week,Weekly pass 1st floor,3,2700.0
2026-01,week,Weekly pass 3rd floor (OLD),7,10800.0
2026-01,welcome (free),WELCOME PASS,32,0.0
2026-02,10 days,10 days Flex 1st floor,1,1300.0
2026-02,10 days,10 days Flex 3rd floor,2,5000.0
2026-02,5 hours,5 hours pass,277,41550.0
2026-02,day,1 day pass 1/3 fl,64,19200.0
2026-02,hour,1 hour pass,121,6050.0
2026-02,month,Monthly pass 1st floor,3,8915.0
2026-02,month,Monthly pass 3rd floor (OLD),6,36000.0
2026-02,week,Weekly pass 3rd floor (OLD),1,1800.0
2026-02,welcome (free),WELCOME PASS,34,0.0
2026-03,10 days,10 days Flex 1st floor,2,2600.0
2026-03,10 days,10 days Flex 3rd floor,1,2500.0
2026-03,3 months,3 months 3rd floor,1,9900.0
2026-03,5 hours,5 hours pass,308,46200.0
2026-03,day,1 day pass 1/3 fl,46,13800.0
2026-03,hour,1 hour pass,159,7950.0
2026-03,month,Monthly pass 3rd floor (OLD),5,29831.0
2026-03,week,Weekly pass 3rd floor (OLD),7,12300.0
2026-03,welcome (free),WELCOME PASS,27,0.0
2026-04,10 days,10 days Flex 1st floor,1,1300.0
2026-04,10 days,10 days Flex 3rd floor,1,2500.0
2026-04,5 hours,5 hours pass,287,43050.0
2026-04,day,1 day pass 1/3 fl,42,12600.0
2026-04,hour,1 hour pass,95,4750.0
2026-04,month,Monthly pass 1st floor,1,3000.0
2026-04,month,Monthly pass 3rd floor (OLD),8,47831.0
2026-04,week,Weekly pass 1st floor,1,900.0
2026-04,week,Weekly pass 3rd floor (OLD),6,10800.0
2026-04,welcome (free),WELCOME PASS,30,0.0
2026-05,10 days,10 days Flex 1st floor,1,1300.0
2026-05,10 days,10 days Flex 3rd floor,7,17500.0
2026-05,5 hours,5 hours pass,181,27150.0
2026-05,day,1 day pass 1/3 fl,37,11100.0
2026-05,hour,1 hour pass,83,4142.0
2026-05,month,Monthly pass 1st floor,1,3000.0
2026-05,month,Monthly pass 3rd floor (OLD),4,23831.0
2026-05,week,Weekly pass 1st floor,1,900.0
2026-05,week,Weekly pass 3rd floor (OLD),1,1800.0
2026-05,welcome (free),WELCOME PASS,13,0.0
2026-06,3 months,3 months 3rd floor,1,9900.0
2026-06,5 hours,5 hours pass,126,18900.0
2026-06,day,1 day pass 1/3 fl,33,9236.0
2026-06,day,1 day pass 2nd floor,1,700.0
2026-06,hour,1 hour pass,67,3350.0
2026-06,month,Monthly pass 2nd floor,2,13700.0
2026-06,month,Monthly pass 3rd floor (OLD),5,22631.0
2026-06,week,Weekly pass 3rd floor (OLD),12,15120.0
2026-06,welcome (free),WELCOME PASS,8,0.0
2026-07,10 days,10 days Flex 1st floor,1,910.0
2026-07,10 days,10 days Flex 2nd floor,2,7700.0
2026-07,5 hours,5 hours pass,126,18900.0
2026-07,day,1 day pass 1/3 fl,18,5138.0
2026-07,day,1 day pass 2nd floor,5,3500.0
2026-07,hour,1 hour pass,59,2950.0
2026-07,month,Monthly pass 2nd floor,2,13700.0
2026-07,month,Monthly pass 3rd floor (OLD),5,22631.0
2026-07,week,Weekly pass 1st floor,1,630.0
2026-07,week,Weekly pass 3rd floor (OLD),7,8820.0
2026-07,welcome (free),WELCOME PASS,4,0.0
2026-08,10 days,10 days Flex 3rd floor,1,1750.0
2026-08,3 months,3 months 3rd floor,1,10500.0
2026-08,5 hours,5 hours pass,122,18300.0
2026-08,day,1 day pass 1/3 fl,33,9428.0
2026-08,day,1 day pass 2nd floor,2,1400.0
2026-08,hour,1 hour pass,67,3350.0
2026-08,month,Monthly pass 2nd floor,3,21445.0
2026-08,month,Monthly pass 3rd floor (OLD),4,18600.0
2026-08,week,Weekly pass 1st floor,2,1530.0
2026-08,week,Weekly pass 2nd floor,1,4200.0
2026-08,week,Weekly pass 3rd floor (OLD),9,11340.0
2026-08,welcome (free),WELCOME PASS,15,0.0
2026-09,10 days,10 days Flex 3rd floor,1,2500.0
2026-09,5 hours,5 hours pass,165,24750.0
2026-09,day,1 day pass 1/3 fl,23,6900.0
2026-09,day,1 day pass 2nd floor,3,2100.0
2026-09,hour,1 hour pass,97,4850.0
2026-09,month,Monthly pass 1st floor,1,2730.0
2026-09,month,Monthly pass 2nd floor,1,6000.0
2026-09,month,Monthly pass 3rd floor (OLD),6,36000.0
2026-09,week,Weekly pass 3rd floor (OLD),1,1800.0
2026-09,welcome (free),WELCOME PASS,9,0.0
