month,hour_qty,5 hours_qty,day_qty,week_qty,10 days_qty,month_qty,3 months_qty,welcome (free)_qty,hour_net_thb,5 hours_net_thb,day_net_thb,week_net_thb,10 days_net_thb,month_net_thb,3 months_net_thb,welcome (free)_net_thb
2025-10,31,146,75,3,2,15,0,13,1550,21900,28200,6796,4993,103011,0,0
2025-11,59,149,65,2,4,9,0,20,2950,22350,27900,6994,18975,66511,0,0
2025-12,116,209,74,2,6,10,1,32,5800,31350,34350,2700,21000,50870,9900,0
2026-01,101,317,40,10,3,7,0,32,5050,47550,12000,13500,6300,36000,0,0
2026-02,121,277,64,1,3,9,0,34,6050,41550,19200,1800,6300,44915,0,0
2026-03,159,308,46,7,3,5,1,27,7950,46200,13800,12300,5100,29831,9900,0
2026-04,95,287,42,7,2,9,0,30,4750,43050,12600,11700,3800,50831,0,0
2026-05,83,181,37,2,8,5,0,13,4142,27150,11100,2700,18800,26831,0,0
2026-06,67,126,34,12,0,7,1,8,3350,18900,9936,15120,0,36331,9900,0
2026-07,59,126,23,8,3,7,0,4,2950,18900,8638,9450,8610,36331,0,0
2026-08,67,122,35,12,1,7,1,15,3350,18300,10828,17070,1750,40045,10500,0
2026-09,97,165,26,1,1,8,0,9,4850,24750,9000,1800,2500,44730,0,0
